run_number,run_date,env,model,gamma,theta,epsilon,alpha,number_iteration,max_step,actual_run,time,score
9f405439-86cf-40c8-9f4e-7a2a80ed6394,2024-07-24_19-58-45,LineWorld,policy_iteration,0.99,0.1,None,None,5,100000,0,0,1
9f405439-86cf-40c8-9f4e-7a2a80ed6394,2024-07-24_19-58-45,LineWorld,policy_iteration,0.99,0.1,None,None,5,100000,1,0,1
9f405439-86cf-40c8-9f4e-7a2a80ed6394,2024-07-24_19-58-45,LineWorld,policy_iteration,0.99,0.1,None,None,5,100000,2,0,1
9f405439-86cf-40c8-9f4e-7a2a80ed6394,2024-07-24_19-58-45,LineWorld,policy_iteration,0.99,0.1,None,None,5,100000,3,0,1
9f405439-86cf-40c8-9f4e-7a2a80ed6394,2024-07-24_19-58-45,LineWorld,policy_iteration,0.99,0.1,None,None,5,100000,4,0,1
9f405439-86cf-40c8-9f4e-7a2a80ed6394,2024-07-24_19-58-45,LineWorld,value_iteration,0.99,0.1,None,None,5,100000,0,0,1
9f405439-86cf-40c8-9f4e-7a2a80ed6394,2024-07-24_19-58-45,LineWorld,value_iteration,0.99,0.1,None,None,5,100000,1,0,1
9f405439-86cf-40c8-9f4e-7a2a80ed6394,2024-07-24_19-58-45,LineWorld,value_iteration,0.99,0.1,None,None,5,100000,2,0,1
9f405439-86cf-40c8-9f4e-7a2a80ed6394,2024-07-24_19-58-45,LineWorld,value_iteration,0.99,0.1,None,None,5,100000,3,0,1
9f405439-86cf-40c8-9f4e-7a2a80ed6394,2024-07-24_19-58-45,LineWorld,value_iteration,0.99,0.1,None,None,5,100000,4,0,1
9f405439-86cf-40c8-9f4e-7a2a80ed6394,2024-07-24_19-58-45,LineWorld,monte_carlo_exploring_starts,0.99,None,None,None,5,100000,0,1,1
9f405439-86cf-40c8-9f4e-7a2a80ed6394,2024-07-24_19-58-45,LineWorld,monte_carlo_exploring_starts,0.99,None,None,None,5,100000,1,1,1
9f405439-86cf-40c8-9f4e-7a2a80ed6394,2024-07-24_19-58-45,LineWorld,monte_carlo_exploring_starts,0.99,None,None,None,5,100000,2,1,1
9f405439-86cf-40c8-9f4e-7a2a80ed6394,2024-07-24_19-58-45,LineWorld,monte_carlo_exploring_starts,0.99,None,None,None,5,100000,3,1,1
9f405439-86cf-40c8-9f4e-7a2a80ed6394,2024-07-24_19-58-45,LineWorld,monte_carlo_exploring_starts,0.99,None,None,None,5,100000,4,1,1
9f405439-86cf-40c8-9f4e-7a2a80ed6394,2024-07-24_19-58-45,LineWorld,monte_carlo_fv_on_policy,0.99,0.1,None,None,5,100000,0,1,1
9f405439-86cf-40c8-9f4e-7a2a80ed6394,2024-07-24_19-58-45,LineWorld,monte_carlo_fv_on_policy,0.99,0.1,None,None,5,100000,1,1,1
9f405439-86cf-40c8-9f4e-7a2a80ed6394,2024-07-24_19-58-45,LineWorld,monte_carlo_fv_on_policy,0.99,0.1,None,None,5,100000,2,1,1
9f405439-86cf-40c8-9f4e-7a2a80ed6394,2024-07-24_19-58-45,LineWorld,monte_carlo_fv_on_policy,0.99,0.1,None,None,5,100000,3,1,1
9f405439-86cf-40c8-9f4e-7a2a80ed6394,2024-07-24_19-58-45,LineWorld,monte_carlo_fv_on_policy,0.99,0.1,None,None,5,100000,4,1,1
9f405439-86cf-40c8-9f4e-7a2a80ed6394,2024-07-24_19-58-45,LineWorld,monte_carlo_off_policy,0.99,None,0.1,None,5,100000,0,1,1
9f405439-86cf-40c8-9f4e-7a2a80ed6394,2024-07-24_19-58-45,LineWorld,monte_carlo_off_policy,0.99,None,0.1,None,5,100000,1,1,1
9f405439-86cf-40c8-9f4e-7a2a80ed6394,2024-07-24_19-58-45,LineWorld,monte_carlo_off_policy,0.99,None,0.1,None,5,100000,2,1,1
9f405439-86cf-40c8-9f4e-7a2a80ed6394,2024-07-24_19-58-45,LineWorld,monte_carlo_off_policy,0.99,None,0.1,None,5,100000,3,1,1
9f405439-86cf-40c8-9f4e-7a2a80ed6394,2024-07-24_19-58-45,LineWorld,monte_carlo_off_policy,0.99,None,0.1,None,5,100000,4,1,1
9f405439-86cf-40c8-9f4e-7a2a80ed6394,2024-07-24_19-58-45,LineWorld,Q_learning_off_policy,0.99,None,0.1,0.1,5,100000,0,0,1
9f405439-86cf-40c8-9f4e-7a2a80ed6394,2024-07-24_19-58-45,LineWorld,Q_learning_off_policy,0.99,None,0.1,0.1,5,100000,1,0,1
9f405439-86cf-40c8-9f4e-7a2a80ed6394,2024-07-24_19-58-45,LineWorld,Q_learning_off_policy,0.99,None,0.1,0.1,5,100000,2,0,1
9f405439-86cf-40c8-9f4e-7a2a80ed6394,2024-07-24_19-58-45,LineWorld,Q_learning_off_policy,0.99,None,0.1,0.1,5,100000,3,0,1
9f405439-86cf-40c8-9f4e-7a2a80ed6394,2024-07-24_19-58-45,LineWorld,Q_learning_off_policy,0.99,None,0.1,0.1,5,100000,4,0,1
9f405439-86cf-40c8-9f4e-7a2a80ed6394,2024-07-24_19-58-45,LineWorld,sarsa,0.99,None,0.1,0.1,5,100000,0,0,1
9f405439-86cf-40c8-9f4e-7a2a80ed6394,2024-07-24_19-58-45,LineWorld,sarsa,0.99,None,0.1,0.1,5,100000,1,0,1
9f405439-86cf-40c8-9f4e-7a2a80ed6394,2024-07-24_19-58-45,LineWorld,sarsa,0.99,None,0.1,0.1,5,100000,2,0,1
9f405439-86cf-40c8-9f4e-7a2a80ed6394,2024-07-24_19-58-45,LineWorld,sarsa,0.99,None,0.1,0.1,5,100000,3,0,1
9f405439-86cf-40c8-9f4e-7a2a80ed6394,2024-07-24_19-58-45,LineWorld,sarsa,0.99,None,0.1,0.1,5,100000,4,0,1
9f405439-86cf-40c8-9f4e-7a2a80ed6394,2024-07-24_19-58-45,GridWorld,policy_iteration,0.99,0.1,None,None,5,100000,0,0,1
9f405439-86cf-40c8-9f4e-7a2a80ed6394,2024-07-24_19-58-45,GridWorld,policy_iteration,0.99,0.1,None,None,5,100000,1,0,1
9f405439-86cf-40c8-9f4e-7a2a80ed6394,2024-07-24_19-58-45,GridWorld,policy_iteration,0.99,0.1,None,None,5,100000,2,0,1
9f405439-86cf-40c8-9f4e-7a2a80ed6394,2024-07-24_19-58-45,GridWorld,policy_iteration,0.99,0.1,None,None,5,100000,3,0,1
9f405439-86cf-40c8-9f4e-7a2a80ed6394,2024-07-24_19-58-45,GridWorld,policy_iteration,0.99,0.1,None,None,5,100000,4,0,1
9f405439-86cf-40c8-9f4e-7a2a80ed6394,2024-07-24_19-58-45,GridWorld,value_iteration,0.99,0.1,None,None,5,100000,0,0,1
9f405439-86cf-40c8-9f4e-7a2a80ed6394,2024-07-24_19-58-45,GridWorld,value_iteration,0.99,0.1,None,None,5,100000,1,0,1
9f405439-86cf-40c8-9f4e-7a2a80ed6394,2024-07-24_19-58-45,GridWorld,value_iteration,0.99,0.1,None,None,5,100000,2,0,1
9f405439-86cf-40c8-9f4e-7a2a80ed6394,2024-07-24_19-58-45,GridWorld,value_iteration,0.99,0.1,None,None,5,100000,3,0,1
9f405439-86cf-40c8-9f4e-7a2a80ed6394,2024-07-24_19-58-45,GridWorld,value_iteration,0.99,0.1,None,None,5,100000,4,0,1
9f405439-86cf-40c8-9f4e-7a2a80ed6394,2024-07-24_19-58-45,GridWorld,monte_carlo_exploring_starts,0.99,None,None,None,5,100000,0,2,1
9f405439-86cf-40c8-9f4e-7a2a80ed6394,2024-07-24_19-58-45,GridWorld,monte_carlo_exploring_starts,0.99,None,None,None,5,100000,1,2,1
9f405439-86cf-40c8-9f4e-7a2a80ed6394,2024-07-24_19-58-45,GridWorld,monte_carlo_exploring_starts,0.99,None,None,None,5,100000,2,4,1
9f405439-86cf-40c8-9f4e-7a2a80ed6394,2024-07-24_19-58-45,GridWorld,monte_carlo_exploring_starts,0.99,None,None,None,5,100000,3,3,1
9f405439-86cf-40c8-9f4e-7a2a80ed6394,2024-07-24_19-58-45,GridWorld,monte_carlo_exploring_starts,0.99,None,None,None,5,100000,4,2,1
9f405439-86cf-40c8-9f4e-7a2a80ed6394,2024-07-24_19-58-45,GridWorld,monte_carlo_fv_on_policy,0.99,0.1,None,None,5,100000,0,49,1
9f405439-86cf-40c8-9f4e-7a2a80ed6394,2024-07-24_19-58-45,GridWorld,monte_carlo_fv_on_policy,0.99,0.1,None,None,5,100000,1,49,1
9f405439-86cf-40c8-9f4e-7a2a80ed6394,2024-07-24_19-58-45,GridWorld,monte_carlo_fv_on_policy,0.99,0.1,None,None,5,100000,2,12,1
9f405439-86cf-40c8-9f4e-7a2a80ed6394,2024-07-24_19-58-45,GridWorld,monte_carlo_fv_on_policy,0.99,0.1,None,None,5,100000,3,9,1
9f405439-86cf-40c8-9f4e-7a2a80ed6394,2024-07-24_19-58-45,GridWorld,monte_carlo_fv_on_policy,0.99,0.1,None,None,5,100000,4,10,1
9f405439-86cf-40c8-9f4e-7a2a80ed6394,2024-07-24_19-58-45,GridWorld,monte_carlo_off_policy,0.99,None,0.1,None,5,100000,0,19,1
9f405439-86cf-40c8-9f4e-7a2a80ed6394,2024-07-24_19-58-45,GridWorld,monte_carlo_off_policy,0.99,None,0.1,None,5,100000,1,19,1
9f405439-86cf-40c8-9f4e-7a2a80ed6394,2024-07-24_19-58-45,GridWorld,monte_carlo_off_policy,0.99,None,0.1,None,5,100000,2,20,1
9f405439-86cf-40c8-9f4e-7a2a80ed6394,2024-07-24_19-58-45,GridWorld,monte_carlo_off_policy,0.99,None,0.1,None,5,100000,3,26,0
9f405439-86cf-40c8-9f4e-7a2a80ed6394,2024-07-24_19-58-45,GridWorld,monte_carlo_off_policy,0.99,None,0.1,None,5,100000,4,37,0
9f405439-86cf-40c8-9f4e-7a2a80ed6394,2024-07-24_19-58-45,GridWorld,Q_learning_off_policy,0.99,None,0.1,0.1,5,100000,0,6,1
9f405439-86cf-40c8-9f4e-7a2a80ed6394,2024-07-24_19-58-45,GridWorld,Q_learning_off_policy,0.99,None,0.1,0.1,5,100000,1,5,1
9f405439-86cf-40c8-9f4e-7a2a80ed6394,2024-07-24_19-58-45,GridWorld,Q_learning_off_policy,0.99,None,0.1,0.1,5,100000,2,10,1
9f405439-86cf-40c8-9f4e-7a2a80ed6394,2024-07-24_19-58-45,GridWorld,Q_learning_off_policy,0.99,None,0.1,0.1,5,100000,3,7,1
9f405439-86cf-40c8-9f4e-7a2a80ed6394,2024-07-24_19-58-45,GridWorld,Q_learning_off_policy,0.99,None,0.1,0.1,5,100000,4,5,1
9f405439-86cf-40c8-9f4e-7a2a80ed6394,2024-07-24_19-58-45,GridWorld,sarsa,0.99,None,0.1,0.1,5,100000,0,3,1
9f405439-86cf-40c8-9f4e-7a2a80ed6394,2024-07-24_19-58-45,GridWorld,sarsa,0.99,None,0.1,0.1,5,100000,1,3,1
9f405439-86cf-40c8-9f4e-7a2a80ed6394,2024-07-24_19-58-45,GridWorld,sarsa,0.99,None,0.1,0.1,5,100000,2,4,1
9f405439-86cf-40c8-9f4e-7a2a80ed6394,2024-07-24_19-58-45,GridWorld,sarsa,0.99,None,0.1,0.1,5,100000,3,4,1
9f405439-86cf-40c8-9f4e-7a2a80ed6394,2024-07-24_19-58-45,GridWorld,sarsa,0.99,None,0.1,0.1,5,100000,4,4,1
9f405439-86cf-40c8-9f4e-7a2a80ed6394,2024-07-24_19-58-45,Shifumi,policy_iteration,0.99,0.1,None,None,5,100000,0,0,1
9f405439-86cf-40c8-9f4e-7a2a80ed6394,2024-07-24_19-58-45,Shifumi,policy_iteration,0.99,0.1,None,None,5,100000,1,0,1
9f405439-86cf-40c8-9f4e-7a2a80ed6394,2024-07-24_19-58-45,Shifumi,policy_iteration,0.99,0.1,None,None,5,100000,2,0,1
9f405439-86cf-40c8-9f4e-7a2a80ed6394,2024-07-24_19-58-45,Shifumi,policy_iteration,0.99,0.1,None,None,5,100000,3,0,1
9f405439-86cf-40c8-9f4e-7a2a80ed6394,2024-07-24_19-58-45,Shifumi,policy_iteration,0.99,0.1,None,None,5,100000,4,0,1
9f405439-86cf-40c8-9f4e-7a2a80ed6394,2024-07-24_19-58-45,Shifumi,value_iteration,0.99,0.1,None,None,5,100000,0,0,1
9f405439-86cf-40c8-9f4e-7a2a80ed6394,2024-07-24_19-58-45,Shifumi,value_iteration,0.99,0.1,None,None,5,100000,1,0,1
9f405439-86cf-40c8-9f4e-7a2a80ed6394,2024-07-24_19-58-45,Shifumi,value_iteration,0.99,0.1,None,None,5,100000,2,0,1
9f405439-86cf-40c8-9f4e-7a2a80ed6394,2024-07-24_19-58-45,Shifumi,value_iteration,0.99,0.1,None,None,5,100000,3,0,1
9f405439-86cf-40c8-9f4e-7a2a80ed6394,2024-07-24_19-58-45,Shifumi,value_iteration,0.99,0.1,None,None,5,100000,4,0,1
9f405439-86cf-40c8-9f4e-7a2a80ed6394,2024-07-24_19-58-45,Shifumi,monte_carlo_exploring_starts,0.99,None,None,None,5,100000,0,0,1
9f405439-86cf-40c8-9f4e-7a2a80ed6394,2024-07-24_19-58-45,Shifumi,monte_carlo_exploring_starts,0.99,None,None,None,5,100000,1,0,1
9f405439-86cf-40c8-9f4e-7a2a80ed6394,2024-07-24_19-58-45,Shifumi,monte_carlo_exploring_starts,0.99,None,None,None,5,100000,2,0,1
9f405439-86cf-40c8-9f4e-7a2a80ed6394,2024-07-24_19-58-45,Shifumi,monte_carlo_exploring_starts,0.99,None,None,None,5,100000,3,0,1
9f405439-86cf-40c8-9f4e-7a2a80ed6394,2024-07-24_19-58-45,Shifumi,monte_carlo_exploring_starts,0.99,None,None,None,5,100000,4,0,1
9f405439-86cf-40c8-9f4e-7a2a80ed6394,2024-07-24_19-58-45,Shifumi,monte_carlo_fv_on_policy,0.99,0.1,None,None,5,100000,0,1,1
9f405439-86cf-40c8-9f4e-7a2a80ed6394,2024-07-24_19-58-45,Shifumi,monte_carlo_fv_on_policy,0.99,0.1,None,None,5,100000,1,1,1
9f405439-86cf-40c8-9f4e-7a2a80ed6394,2024-07-24_19-58-45,Shifumi,monte_carlo_fv_on_policy,0.99,0.1,None,None,5,100000,2,1,1
9f405439-86cf-40c8-9f4e-7a2a80ed6394,2024-07-24_19-58-45,Shifumi,monte_carlo_fv_on_policy,0.99,0.1,None,None,5,100000,3,1,1
9f405439-86cf-40c8-9f4e-7a2a80ed6394,2024-07-24_19-58-45,Shifumi,monte_carlo_fv_on_policy,0.99,0.1,None,None,5,100000,4,1,1
9f405439-86cf-40c8-9f4e-7a2a80ed6394,2024-07-24_19-58-45,Shifumi,monte_carlo_off_policy,0.99,None,0.1,None,5,100000,0,9,1
9f405439-86cf-40c8-9f4e-7a2a80ed6394,2024-07-24_19-58-45,Shifumi,monte_carlo_off_policy,0.99,None,0.1,None,5,100000,1,9,1
9f405439-86cf-40c8-9f4e-7a2a80ed6394,2024-07-24_19-58-45,Shifumi,monte_carlo_off_policy,0.99,None,0.1,None,5,100000,2,9,1
9f405439-86cf-40c8-9f4e-7a2a80ed6394,2024-07-24_19-58-45,Shifumi,monte_carlo_off_policy,0.99,None,0.1,None,5,100000,3,9,1
9f405439-86cf-40c8-9f4e-7a2a80ed6394,2024-07-24_19-58-45,Shifumi,monte_carlo_off_policy,0.99,None,0.1,None,5,100000,4,9,1
9f405439-86cf-40c8-9f4e-7a2a80ed6394,2024-07-24_19-58-45,Shifumi,Q_learning_off_policy,0.99,None,0.1,0.1,5,100000,0,0,1
9f405439-86cf-40c8-9f4e-7a2a80ed6394,2024-07-24_19-58-45,Shifumi,Q_learning_off_policy,0.99,None,0.1,0.1,5,100000,1,0,1
9f405439-86cf-40c8-9f4e-7a2a80ed6394,2024-07-24_19-58-45,Shifumi,Q_learning_off_policy,0.99,None,0.1,0.1,5,100000,2,0,1
9f405439-86cf-40c8-9f4e-7a2a80ed6394,2024-07-24_19-58-45,Shifumi,Q_learning_off_policy,0.99,None,0.1,0.1,5,100000,3,0,1
9f405439-86cf-40c8-9f4e-7a2a80ed6394,2024-07-24_19-58-45,Shifumi,Q_learning_off_policy,0.99,None,0.1,0.1,5,100000,4,0,1
9f405439-86cf-40c8-9f4e-7a2a80ed6394,2024-07-24_19-58-45,Shifumi,sarsa,0.99,None,0.1,0.1,5,100000,0,0,1
9f405439-86cf-40c8-9f4e-7a2a80ed6394,2024-07-24_19-58-45,Shifumi,sarsa,0.99,None,0.1,0.1,5,100000,1,0,1
9f405439-86cf-40c8-9f4e-7a2a80ed6394,2024-07-24_19-58-45,Shifumi,sarsa,0.99,None,0.1,0.1,5,100000,2,0,1
9f405439-86cf-40c8-9f4e-7a2a80ed6394,2024-07-24_19-58-45,Shifumi,sarsa,0.99,None,0.1,0.1,5,100000,3,0,1
9f405439-86cf-40c8-9f4e-7a2a80ed6394,2024-07-24_19-58-45,Shifumi,sarsa,0.99,None,0.1,0.1,5,100000,4,0,1
9f405439-86cf-40c8-9f4e-7a2a80ed6394,2024-07-24_19-58-45,MontyHall,policy_iteration,0.99,0.1,None,None,5,100000,0,0,1
9f405439-86cf-40c8-9f4e-7a2a80ed6394,2024-07-24_19-58-45,MontyHall,policy_iteration,0.99,0.1,None,None,5,100000,1,0,1
9f405439-86cf-40c8-9f4e-7a2a80ed6394,2024-07-24_19-58-45,MontyHall,policy_iteration,0.99,0.1,None,None,5,100000,2,0,1
9f405439-86cf-40c8-9f4e-7a2a80ed6394,2024-07-24_19-58-45,MontyHall,policy_iteration,0.99,0.1,None,None,5,100000,3,0,1
9f405439-86cf-40c8-9f4e-7a2a80ed6394,2024-07-24_19-58-45,MontyHall,policy_iteration,0.99,0.1,None,None,5,100000,4,0,1
9f405439-86cf-40c8-9f4e-7a2a80ed6394,2024-07-24_19-58-45,MontyHall,value_iteration,0.99,0.1,None,None,5,100000,0,0,0
9f405439-86cf-40c8-9f4e-7a2a80ed6394,2024-07-24_19-58-45,MontyHall,value_iteration,0.99,0.1,None,None,5,100000,1,0,1
9f405439-86cf-40c8-9f4e-7a2a80ed6394,2024-07-24_19-58-45,MontyHall,value_iteration,0.99,0.1,None,None,5,100000,2,0,1
9f405439-86cf-40c8-9f4e-7a2a80ed6394,2024-07-24_19-58-45,MontyHall,value_iteration,0.99,0.1,None,None,5,100000,3,0,1
9f405439-86cf-40c8-9f4e-7a2a80ed6394,2024-07-24_19-58-45,MontyHall,value_iteration,0.99,0.1,None,None,5,100000,4,0,1
9f405439-86cf-40c8-9f4e-7a2a80ed6394,2024-07-24_19-58-45,MontyHall,monte_carlo_exploring_starts,0.99,None,None,None,5,100000,0,0,1
9f405439-86cf-40c8-9f4e-7a2a80ed6394,2024-07-24_19-58-45,MontyHall,monte_carlo_exploring_starts,0.99,None,None,None,5,100000,1,1,1
9f405439-86cf-40c8-9f4e-7a2a80ed6394,2024-07-24_19-58-45,MontyHall,monte_carlo_exploring_starts,0.99,None,None,None,5,100000,2,0,1
9f405439-86cf-40c8-9f4e-7a2a80ed6394,2024-07-24_19-58-45,MontyHall,monte_carlo_exploring_starts,0.99,None,None,None,5,100000,3,0,1
9f405439-86cf-40c8-9f4e-7a2a80ed6394,2024-07-24_19-58-45,MontyHall,monte_carlo_exploring_starts,0.99,None,None,None,5,100000,4,0,1
9f405439-86cf-40c8-9f4e-7a2a80ed6394,2024-07-24_19-58-45,MontyHall,monte_carlo_fv_on_policy,0.99,0.1,None,None,5,100000,0,1,1
9f405439-86cf-40c8-9f4e-7a2a80ed6394,2024-07-24_19-58-45,MontyHall,monte_carlo_fv_on_policy,0.99,0.1,None,None,5,100000,1,2,0
9f405439-86cf-40c8-9f4e-7a2a80ed6394,2024-07-24_19-58-45,MontyHall,monte_carlo_fv_on_policy,0.99,0.1,None,None,5,100000,2,1,0
9f405439-86cf-40c8-9f4e-7a2a80ed6394,2024-07-24_19-58-45,MontyHall,monte_carlo_fv_on_policy,0.99,0.1,None,None,5,100000,3,1,1
9f405439-86cf-40c8-9f4e-7a2a80ed6394,2024-07-24_19-58-45,MontyHall,monte_carlo_fv_on_policy,0.99,0.1,None,None,5,100000,4,1,1
9f405439-86cf-40c8-9f4e-7a2a80ed6394,2024-07-24_19-58-45,MontyHall,monte_carlo_off_policy,0.99,None,0.1,None,5,100000,0,2,0
9f405439-86cf-40c8-9f4e-7a2a80ed6394,2024-07-24_19-58-45,MontyHall,monte_carlo_off_policy,0.99,None,0.1,None,5,100000,1,2,1
9f405439-86cf-40c8-9f4e-7a2a80ed6394,2024-07-24_19-58-45,MontyHall,monte_carlo_off_policy,0.99,None,0.1,None,5,100000,2,2,0
9f405439-86cf-40c8-9f4e-7a2a80ed6394,2024-07-24_19-58-45,MontyHall,monte_carlo_off_policy,0.99,None,0.1,None,5,100000,3,2,0
9f405439-86cf-40c8-9f4e-7a2a80ed6394,2024-07-24_19-58-45,MontyHall,monte_carlo_off_policy,0.99,None,0.1,None,5,100000,4,1,0
9f405439-86cf-40c8-9f4e-7a2a80ed6394,2024-07-24_19-58-45,MontyHall,Q_learning_off_policy,0.99,None,0.1,0.1,5,100000,0,0,0
9f405439-86cf-40c8-9f4e-7a2a80ed6394,2024-07-24_19-58-45,MontyHall,Q_learning_off_policy,0.99,None,0.1,0.1,5,100000,1,0,0
9f405439-86cf-40c8-9f4e-7a2a80ed6394,2024-07-24_19-58-45,MontyHall,Q_learning_off_policy,0.99,None,0.1,0.1,5,100000,2,0,1
9f405439-86cf-40c8-9f4e-7a2a80ed6394,2024-07-24_19-58-45,MontyHall,Q_learning_off_policy,0.99,None,0.1,0.1,5,100000,3,0,1
9f405439-86cf-40c8-9f4e-7a2a80ed6394,2024-07-24_19-58-45,MontyHall,Q_learning_off_policy,0.99,None,0.1,0.1,5,100000,4,0,0
9f405439-86cf-40c8-9f4e-7a2a80ed6394,2024-07-24_19-58-45,MontyHall,sarsa,0.99,None,0.1,0.1,5,100000,0,0,1
9f405439-86cf-40c8-9f4e-7a2a80ed6394,2024-07-24_19-58-45,MontyHall,sarsa,0.99,None,0.1,0.1,5,100000,1,0,1
9f405439-86cf-40c8-9f4e-7a2a80ed6394,2024-07-24_19-58-45,MontyHall,sarsa,0.99,None,0.1,0.1,5,100000,2,0,0
9f405439-86cf-40c8-9f4e-7a2a80ed6394,2024-07-24_19-58-45,MontyHall,sarsa,0.99,None,0.1,0.1,5,100000,3,0,0
9f405439-86cf-40c8-9f4e-7a2a80ed6394,2024-07-24_19-58-45,MontyHall,sarsa,0.99,None,0.1,0.1,5,100000,4,0,1
9f405439-86cf-40c8-9f4e-7a2a80ed6394,2024-07-24_19-58-45,SecretEnv0,monte_carlo_exploring_starts,0.99,None,None,None,5,100000,0,97,1
9f405439-86cf-40c8-9f4e-7a2a80ed6394,2024-07-24_19-58-45,SecretEnv0,monte_carlo_exploring_starts,0.99,None,None,None,5,100000,1,93,3
9f405439-86cf-40c8-9f4e-7a2a80ed6394,2024-07-24_19-58-45,SecretEnv0,monte_carlo_exploring_starts,0.99,None,None,None,5,100000,2,92,4
9f405439-86cf-40c8-9f4e-7a2a80ed6394,2024-07-24_19-58-45,SecretEnv0,monte_carlo_exploring_starts,0.99,None,None,None,5,100000,3,95,2
9f405439-86cf-40c8-9f4e-7a2a80ed6394,2024-07-24_19-58-45,SecretEnv0,monte_carlo_exploring_starts,0.99,None,None,None,5,100000,4,91,2
9f405439-86cf-40c8-9f4e-7a2a80ed6394,2024-07-24_19-58-45,SecretEnv0,monte_carlo_fv_on_policy,0.99,0.1,None,None,5,100000,0,240,4
9f405439-86cf-40c8-9f4e-7a2a80ed6394,2024-07-24_19-58-45,SecretEnv0,monte_carlo_fv_on_policy,0.99,0.1,None,None,5,100000,1,257,2
9f405439-86cf-40c8-9f4e-7a2a80ed6394,2024-07-24_19-58-45,SecretEnv0,monte_carlo_fv_on_policy,0.99,0.1,None,None,5,100000,2,254,5
9f405439-86cf-40c8-9f4e-7a2a80ed6394,2024-07-24_19-58-45,SecretEnv0,monte_carlo_fv_on_policy,0.99,0.1,None,None,5,100000,3,245,6
9f405439-86cf-40c8-9f4e-7a2a80ed6394,2024-07-24_19-58-45,SecretEnv0,monte_carlo_fv_on_policy,0.99,0.1,None,None,5,100000,4,240,3
9f405439-86cf-40c8-9f4e-7a2a80ed6394,2024-07-24_19-58-45,SecretEnv0,monte_carlo_off_policy,0.99,None,0.1,None,5,100000,0,226,6
9f405439-86cf-40c8-9f4e-7a2a80ed6394,2024-07-24_19-58-45,SecretEnv0,monte_carlo_off_policy,0.99,None,0.1,None,5,100000,1,231,7
9f405439-86cf-40c8-9f4e-7a2a80ed6394,2024-07-24_19-58-45,SecretEnv0,monte_carlo_off_policy,0.99,None,0.1,None,5,100000,2,233,6
9f405439-86cf-40c8-9f4e-7a2a80ed6394,2024-07-24_19-58-45,SecretEnv0,monte_carlo_off_policy,0.99,None,0.1,None,5,100000,3,227,6
9f405439-86cf-40c8-9f4e-7a2a80ed6394,2024-07-24_19-58-45,SecretEnv0,monte_carlo_off_policy,0.99,None,0.1,None,5,100000,4,228,7
9f405439-86cf-40c8-9f4e-7a2a80ed6394,2024-07-24_19-58-45,SecretEnv0,Q_learning_off_policy,0.99,None,0.1,0.1,5,100000,0,254,4
9f405439-86cf-40c8-9f4e-7a2a80ed6394,2024-07-24_19-58-45,SecretEnv0,Q_learning_off_policy,0.99,None,0.1,0.1,5,100000,1,258,5
9f405439-86cf-40c8-9f4e-7a2a80ed6394,2024-07-24_19-58-45,SecretEnv0,Q_learning_off_policy,0.99,None,0.1,0.1,5,100000,2,270,7
9f405439-86cf-40c8-9f4e-7a2a80ed6394,2024-07-24_19-58-45,SecretEnv0,Q_learning_off_policy,0.99,None,0.1,0.1,5,100000,3,282,7
9f405439-86cf-40c8-9f4e-7a2a80ed6394,2024-07-24_19-58-45,SecretEnv0,Q_learning_off_policy,0.99,None,0.1,0.1,5,100000,4,264,4
9f405439-86cf-40c8-9f4e-7a2a80ed6394,2024-07-24_19-58-45,SecretEnv0,sarsa,0.99,None,0.1,0.1,5,100000,0,226,7
9f405439-86cf-40c8-9f4e-7a2a80ed6394,2024-07-24_19-58-45,SecretEnv0,sarsa,0.99,None,0.1,0.1,5,100000,1,233,7
9f405439-86cf-40c8-9f4e-7a2a80ed6394,2024-07-24_19-58-45,SecretEnv0,sarsa,0.99,None,0.1,0.1,5,100000,2,221,7
9f405439-86cf-40c8-9f4e-7a2a80ed6394,2024-07-24_19-58-45,SecretEnv0,sarsa,0.99,None,0.1,0.1,5,100000,3,219,7
9f405439-86cf-40c8-9f4e-7a2a80ed6394,2024-07-24_19-58-45,SecretEnv0,sarsa,0.99,None,0.1,0.1,5,100000,4,221,6
9f405439-86cf-40c8-9f4e-7a2a80ed6394,2024-07-24_19-58-45,SecretEnv1,monte_carlo_exploring_starts,0.99,None,None,None,5,100000,0,759,4
9f405439-86cf-40c8-9f4e-7a2a80ed6394,2024-07-24_19-58-45,SecretEnv1,monte_carlo_exploring_starts,0.99,None,None,None,5,100000,1,711,5
9f405439-86cf-40c8-9f4e-7a2a80ed6394,2024-07-24_19-58-45,SecretEnv1,monte_carlo_exploring_starts,0.99,None,None,None,5,100000,2,719,3
9f405439-86cf-40c8-9f4e-7a2a80ed6394,2024-07-24_19-58-45,SecretEnv1,monte_carlo_exploring_starts,0.99,None,None,None,5,100000,3,814,9
9f405439-86cf-40c8-9f4e-7a2a80ed6394,2024-07-24_19-58-45,SecretEnv1,monte_carlo_exploring_starts,0.99,None,None,None,5,100000,4,1242,2
9f405439-86cf-40c8-9f4e-7a2a80ed6394,2024-07-24_19-58-45,SecretEnv1,monte_carlo_fv_on_policy,0.99,0.1,None,None,5,100000,0,5635,4
9f405439-86cf-40c8-9f4e-7a2a80ed6394,2024-07-24_19-58-45,SecretEnv1,monte_carlo_fv_on_policy,0.99,0.1,None,None,5,100000,1,2653,8
9f405439-86cf-40c8-9f4e-7a2a80ed6394,2024-07-24_19-58-45,SecretEnv1,monte_carlo_fv_on_policy,0.99,0.1,None,None,5,100000,2,2369,11
9f405439-86cf-40c8-9f4e-7a2a80ed6394,2024-07-24_19-58-45,SecretEnv1,monte_carlo_fv_on_policy,0.99,0.1,None,None,5,100000,3,2221,5
9f405439-86cf-40c8-9f4e-7a2a80ed6394,2024-07-24_19-58-45,SecretEnv1,monte_carlo_fv_on_policy,0.99,0.1,None,None,5,100000,4,2166,14
9f405439-86cf-40c8-9f4e-7a2a80ed6394,2024-07-24_19-58-45,SecretEnv1,monte_carlo_off_policy,0.99,None,0.1,None,5,100000,0,974,9
9f405439-86cf-40c8-9f4e-7a2a80ed6394,2024-07-24_19-58-45,SecretEnv1,monte_carlo_off_policy,0.99,None,0.1,None,5,100000,1,993,11
9f405439-86cf-40c8-9f4e-7a2a80ed6394,2024-07-24_19-58-45,SecretEnv1,monte_carlo_off_policy,0.99,None,0.1,None,5,100000,2,976,14
9f405439-86cf-40c8-9f4e-7a2a80ed6394,2024-07-24_19-58-45,SecretEnv1,monte_carlo_off_policy,0.99,None,0.1,None,5,100000,3,989,13
9f405439-86cf-40c8-9f4e-7a2a80ed6394,2024-07-24_19-58-45,SecretEnv1,monte_carlo_off_policy,0.99,None,0.1,None,5,100000,4,968,12
9f405439-86cf-40c8-9f4e-7a2a80ed6394,2024-07-24_19-58-45,SecretEnv1,Q_learning_off_policy,0.99,None,0.1,0.1,5,100000,0,1082,13
9f405439-86cf-40c8-9f4e-7a2a80ed6394,2024-07-24_19-58-45,SecretEnv1,Q_learning_off_policy,0.99,None,0.1,0.1,5,100000,1,1112,14
9f405439-86cf-40c8-9f4e-7a2a80ed6394,2024-07-24_19-58-45,SecretEnv1,Q_learning_off_policy,0.99,None,0.1,0.1,5,100000,2,1074,15
9f405439-86cf-40c8-9f4e-7a2a80ed6394,2024-07-24_19-58-45,SecretEnv1,Q_learning_off_policy,0.99,None,0.1,0.1,5,100000,3,1069,13
9f405439-86cf-40c8-9f4e-7a2a80ed6394,2024-07-24_19-58-45,SecretEnv1,Q_learning_off_policy,0.99,None,0.1,0.1,5,100000,4,1098,14
9f405439-86cf-40c8-9f4e-7a2a80ed6394,2024-07-24_19-58-45,SecretEnv1,sarsa,0.99,None,0.1,0.1,5,100000,0,979,17
9f405439-86cf-40c8-9f4e-7a2a80ed6394,2024-07-24_19-58-45,SecretEnv1,sarsa,0.99,None,0.1,0.1,5,100000,1,1001,13
9f405439-86cf-40c8-9f4e-7a2a80ed6394,2024-07-24_19-58-45,SecretEnv1,sarsa,0.99,None,0.1,0.1,5,100000,2,944,7
9f405439-86cf-40c8-9f4e-7a2a80ed6394,2024-07-24_19-58-45,SecretEnv1,sarsa,0.99,None,0.1,0.1,5,100000,3,960,15
9f405439-86cf-40c8-9f4e-7a2a80ed6394,2024-07-24_19-58-45,SecretEnv1,sarsa,0.99,None,0.1,0.1,5,100000,4,992,4
9f405439-86cf-40c8-9f4e-7a2a80ed6394,2024-07-24_19-58-45,SecretEnv2,monte_carlo_exploring_starts,0.99,None,None,None,5,100000,0,1844,-34
9f405439-86cf-40c8-9f4e-7a2a80ed6394,2024-07-24_19-58-45,SecretEnv2,monte_carlo_exploring_starts,0.99,None,None,None,5,100000,1,1832,-34
9f405439-86cf-40c8-9f4e-7a2a80ed6394,2024-07-24_19-58-45,SecretEnv2,monte_carlo_exploring_starts,0.99,None,None,None,5,100000,2,1818,-30
9f405439-86cf-40c8-9f4e-7a2a80ed6394,2024-07-24_19-58-45,SecretEnv2,monte_carlo_exploring_starts,0.99,None,None,None,5,100000,3,1829,-34
9f405439-86cf-40c8-9f4e-7a2a80ed6394,2024-07-24_19-58-45,SecretEnv2,monte_carlo_exploring_starts,0.99,None,None,None,5,100000,4,1821,-35
9f405439-86cf-40c8-9f4e-7a2a80ed6394,2024-07-24_19-58-45,SecretEnv2,monte_carlo_fv_on_policy,0.99,0.1,None,None,5,100000,0,2263,0
9f405439-86cf-40c8-9f4e-7a2a80ed6394,2024-07-24_19-58-45,SecretEnv2,monte_carlo_fv_on_policy,0.99,0.1,None,None,5,100000,1,2973,-11
9f405439-86cf-40c8-9f4e-7a2a80ed6394,2024-07-24_19-58-45,SecretEnv2,monte_carlo_fv_on_policy,0.99,0.1,None,None,5,100000,2,4000,-32
9f405439-86cf-40c8-9f4e-7a2a80ed6394,2024-07-24_19-58-45,SecretEnv2,monte_carlo_fv_on_policy,0.99,0.1,None,None,5,100000,3,3087,-21
9f405439-86cf-40c8-9f4e-7a2a80ed6394,2024-07-24_19-58-45,SecretEnv2,monte_carlo_fv_on_policy,0.99,0.1,None,None,5,100000,4,2348,-10
9f405439-86cf-40c8-9f4e-7a2a80ed6394,2024-07-24_19-58-45,SecretEnv2,monte_carlo_off_policy,0.99,None,0.1,None,5,100000,0,1033,-27
9f405439-86cf-40c8-9f4e-7a2a80ed6394,2024-07-24_19-58-45,SecretEnv2,monte_carlo_off_policy,0.99,None,0.1,None,5,100000,1,1040,-27
9f405439-86cf-40c8-9f4e-7a2a80ed6394,2024-07-24_19-58-45,SecretEnv2,monte_carlo_off_policy,0.99,None,0.1,None,5,100000,2,1063,-24
9f405439-86cf-40c8-9f4e-7a2a80ed6394,2024-07-24_19-58-45,SecretEnv2,monte_carlo_off_policy,0.99,None,0.1,None,5,100000,3,1086,-21
9f405439-86cf-40c8-9f4e-7a2a80ed6394,2024-07-24_19-58-45,SecretEnv2,monte_carlo_off_policy,0.99,None,0.1,None,5,100000,4,1055,-24
9f405439-86cf-40c8-9f4e-7a2a80ed6394,2024-07-24_19-58-45,SecretEnv2,Q_learning_off_policy,0.99,None,0.1,0.1,5,100000,0,1183,-24
9f405439-86cf-40c8-9f4e-7a2a80ed6394,2024-07-24_19-58-45,SecretEnv2,Q_learning_off_policy,0.99,None,0.1,0.1,5,100000,1,1170,-48
9f405439-86cf-40c8-9f4e-7a2a80ed6394,2024-07-24_19-58-45,SecretEnv2,Q_learning_off_policy,0.99,None,0.1,0.1,5,100000,2,1141,0
9f405439-86cf-40c8-9f4e-7a2a80ed6394,2024-07-24_19-58-45,SecretEnv2,Q_learning_off_policy,0.99,None,0.1,0.1,5,100000,3,1181,-16
9f405439-86cf-40c8-9f4e-7a2a80ed6394,2024-07-24_19-58-45,SecretEnv2,Q_learning_off_policy,0.99,None,0.1,0.1,5,100000,4,1184,-29
9f405439-86cf-40c8-9f4e-7a2a80ed6394,2024-07-24_19-58-45,SecretEnv2,sarsa,0.99,None,0.1,0.1,5,100000,0,1014,-2
9f405439-86cf-40c8-9f4e-7a2a80ed6394,2024-07-24_19-58-45,SecretEnv2,sarsa,0.99,None,0.1,0.1,5,100000,1,1054,-34
9f405439-86cf-40c8-9f4e-7a2a80ed6394,2024-07-24_19-58-45,SecretEnv2,sarsa,0.99,None,0.1,0.1,5,100000,2,1082,-9
9f405439-86cf-40c8-9f4e-7a2a80ed6394,2024-07-24_19-58-45,SecretEnv2,sarsa,0.99,None,0.1,0.1,5,100000,3,1062,-21
9f405439-86cf-40c8-9f4e-7a2a80ed6394,2024-07-24_19-58-45,SecretEnv2,sarsa,0.99,None,0.1,0.1,5,100000,4,1022,-6
9f405439-86cf-40c8-9f4e-7a2a80ed6394,2024-07-24_19-58-45,SecretEnv3,monte_carlo_exploring_starts,0.99,None,None,None,5,100000,0,746,-8
9f405439-86cf-40c8-9f4e-7a2a80ed6394,2024-07-24_19-58-45,SecretEnv3,monte_carlo_exploring_starts,0.99,None,None,None,5,100000,1,781,3
9f405439-86cf-40c8-9f4e-7a2a80ed6394,2024-07-24_19-58-45,SecretEnv3,monte_carlo_exploring_starts,0.99,None,None,None,5,100000,2,740,0
9f405439-86cf-40c8-9f4e-7a2a80ed6394,2024-07-24_19-58-45,SecretEnv3,monte_carlo_exploring_starts,0.99,None,None,None,5,100000,3,751,-1
9f405439-86cf-40c8-9f4e-7a2a80ed6394,2024-07-24_19-58-45,SecretEnv3,monte_carlo_exploring_starts,0.99,None,None,None,5,100000,4,705,-4
9f405439-86cf-40c8-9f4e-7a2a80ed6394,2024-07-24_19-58-45,SecretEnv3,monte_carlo_fv_on_policy,0.99,0.1,None,None,5,100000,0,2210,-1
9f405439-86cf-40c8-9f4e-7a2a80ed6394,2024-07-24_19-58-45,SecretEnv3,monte_carlo_fv_on_policy,0.99,0.1,None,None,5,100000,1,2328,-1
9f405439-86cf-40c8-9f4e-7a2a80ed6394,2024-07-24_19-58-45,SecretEnv3,monte_carlo_fv_on_policy,0.99,0.1,None,None,5,100000,2,2400,0
9f405439-86cf-40c8-9f4e-7a2a80ed6394,2024-07-24_19-58-45,SecretEnv3,monte_carlo_fv_on_policy,0.99,0.1,None,None,5,100000,3,2197,-2
9f405439-86cf-40c8-9f4e-7a2a80ed6394,2024-07-24_19-58-45,SecretEnv3,monte_carlo_fv_on_policy,0.99,0.1,None,None,5,100000,4,2234,-1
9f405439-86cf-40c8-9f4e-7a2a80ed6394,2024-07-24_19-58-45,SecretEnv3,monte_carlo_off_policy,0.99,None,0.1,None,5,100000,0,1051,-11
9f405439-86cf-40c8-9f4e-7a2a80ed6394,2024-07-24_19-58-45,SecretEnv3,monte_carlo_off_policy,0.99,None,0.1,None,5,100000,1,1050,-11
9f405439-86cf-40c8-9f4e-7a2a80ed6394,2024-07-24_19-58-45,SecretEnv3,monte_carlo_off_policy,0.99,None,0.1,None,5,100000,2,1021,-2
9f405439-86cf-40c8-9f4e-7a2a80ed6394,2024-07-24_19-58-45,SecretEnv3,monte_carlo_off_policy,0.99,None,0.1,None,5,100000,3,1026,0
9f405439-86cf-40c8-9f4e-7a2a80ed6394,2024-07-24_19-58-45,SecretEnv3,monte_carlo_off_policy,0.99,None,0.1,None,5,100000,4,1011,0
9f405439-86cf-40c8-9f4e-7a2a80ed6394,2024-07-24_19-58-45,SecretEnv3,Q_learning_off_policy,0.99,None,0.1,0.1,5,100000,0,1070,-1
9f405439-86cf-40c8-9f4e-7a2a80ed6394,2024-07-24_19-58-45,SecretEnv3,Q_learning_off_policy,0.99,None,0.1,0.1,5,100000,1,1066,-4
9f405439-86cf-40c8-9f4e-7a2a80ed6394,2024-07-24_19-58-45,SecretEnv3,Q_learning_off_policy,0.99,None,0.1,0.1,5,100000,2,1088,-8
9f405439-86cf-40c8-9f4e-7a2a80ed6394,2024-07-24_19-58-45,SecretEnv3,Q_learning_off_policy,0.99,None,0.1,0.1,5,100000,3,1141,-2
9f405439-86cf-40c8-9f4e-7a2a80ed6394,2024-07-24_19-58-45,SecretEnv3,Q_learning_off_policy,0.99,None,0.1,0.1,5,100000,4,1078,1
9f405439-86cf-40c8-9f4e-7a2a80ed6394,2024-07-24_19-58-45,SecretEnv3,sarsa,0.99,None,0.1,0.1,5,100000,0,950,-2
9f405439-86cf-40c8-9f4e-7a2a80ed6394,2024-07-24_19-58-45,SecretEnv3,sarsa,0.99,None,0.1,0.1,5,100000,1,937,-7
9f405439-86cf-40c8-9f4e-7a2a80ed6394,2024-07-24_19-58-45,SecretEnv3,sarsa,0.99,None,0.1,0.1,5,100000,2,947,-5
9f405439-86cf-40c8-9f4e-7a2a80ed6394,2024-07-24_19-58-45,SecretEnv3,sarsa,0.99,None,0.1,0.1,5,100000,3,940,1
9f405439-86cf-40c8-9f4e-7a2a80ed6394,2024-07-24_19-58-45,SecretEnv3,sarsa,0.99,None,0.1,0.1,5,100000,4,970,2
6d9acd28-70a5-4bd0-a130-3fffbcac9173,2024-07-24_20-09-23,LineWorld,policy_iteration,0.99,0.1,None,None,5,100000,0,0,1
6d9acd28-70a5-4bd0-a130-3fffbcac9173,2024-07-24_20-09-23,LineWorld,policy_iteration,0.99,0.1,None,None,5,100000,1,0,1
6d9acd28-70a5-4bd0-a130-3fffbcac9173,2024-07-24_20-09-23,LineWorld,policy_iteration,0.99,0.1,None,None,5,100000,2,0,1
6d9acd28-70a5-4bd0-a130-3fffbcac9173,2024-07-24_20-09-23,LineWorld,policy_iteration,0.99,0.1,None,None,5,100000,3,0,1
6d9acd28-70a5-4bd0-a130-3fffbcac9173,2024-07-24_20-09-23,LineWorld,policy_iteration,0.99,0.1,None,None,5,100000,4,0,1
6d9acd28-70a5-4bd0-a130-3fffbcac9173,2024-07-24_20-09-23,LineWorld,value_iteration,0.99,0.1,None,None,5,100000,0,0,1
6d9acd28-70a5-4bd0-a130-3fffbcac9173,2024-07-24_20-09-23,LineWorld,value_iteration,0.99,0.1,None,None,5,100000,1,0,1
6d9acd28-70a5-4bd0-a130-3fffbcac9173,2024-07-24_20-09-23,LineWorld,value_iteration,0.99,0.1,None,None,5,100000,2,0,1
6d9acd28-70a5-4bd0-a130-3fffbcac9173,2024-07-24_20-09-23,LineWorld,value_iteration,0.99,0.1,None,None,5,100000,3,0,1
6d9acd28-70a5-4bd0-a130-3fffbcac9173,2024-07-24_20-09-23,LineWorld,value_iteration,0.99,0.1,None,None,5,100000,4,0,1
6d9acd28-70a5-4bd0-a130-3fffbcac9173,2024-07-24_20-09-23,LineWorld,monte_carlo_exploring_starts,0.99,None,None,None,5,100000,0,1,1
6d9acd28-70a5-4bd0-a130-3fffbcac9173,2024-07-24_20-09-23,LineWorld,monte_carlo_exploring_starts,0.99,None,None,None,5,100000,1,1,1
6d9acd28-70a5-4bd0-a130-3fffbcac9173,2024-07-24_20-09-23,LineWorld,monte_carlo_exploring_starts,0.99,None,None,None,5,100000,2,1,1
6d9acd28-70a5-4bd0-a130-3fffbcac9173,2024-07-24_20-09-23,LineWorld,monte_carlo_exploring_starts,0.99,None,None,None,5,100000,3,1,1
6d9acd28-70a5-4bd0-a130-3fffbcac9173,2024-07-24_20-09-23,LineWorld,monte_carlo_exploring_starts,0.99,None,None,None,5,100000,4,1,1
6d9acd28-70a5-4bd0-a130-3fffbcac9173,2024-07-24_20-09-23,LineWorld,monte_carlo_fv_on_policy,0.99,0.1,None,None,5,100000,0,1,1
6d9acd28-70a5-4bd0-a130-3fffbcac9173,2024-07-24_20-09-23,LineWorld,monte_carlo_fv_on_policy,0.99,0.1,None,None,5,100000,1,1,1
6d9acd28-70a5-4bd0-a130-3fffbcac9173,2024-07-24_20-09-23,LineWorld,monte_carlo_fv_on_policy,0.99,0.1,None,None,5,100000,2,1,1
6d9acd28-70a5-4bd0-a130-3fffbcac9173,2024-07-24_20-09-23,LineWorld,monte_carlo_fv_on_policy,0.99,0.1,None,None,5,100000,3,1,1
6d9acd28-70a5-4bd0-a130-3fffbcac9173,2024-07-24_20-09-23,LineWorld,monte_carlo_fv_on_policy,0.99,0.1,None,None,5,100000,4,1,1
6d9acd28-70a5-4bd0-a130-3fffbcac9173,2024-07-24_20-09-23,LineWorld,monte_carlo_off_policy,0.99,None,0.1,None,5,100000,0,1,1
6d9acd28-70a5-4bd0-a130-3fffbcac9173,2024-07-24_20-09-23,LineWorld,monte_carlo_off_policy,0.99,None,0.1,None,5,100000,1,2,1
6d9acd28-70a5-4bd0-a130-3fffbcac9173,2024-07-24_20-09-23,LineWorld,monte_carlo_off_policy,0.99,None,0.1,None,5,100000,2,1,1
6d9acd28-70a5-4bd0-a130-3fffbcac9173,2024-07-24_20-09-23,LineWorld,monte_carlo_off_policy,0.99,None,0.1,None,5,100000,3,1,1
6d9acd28-70a5-4bd0-a130-3fffbcac9173,2024-07-24_20-09-23,LineWorld,monte_carlo_off_policy,0.99,None,0.1,None,5,100000,4,2,1
6d9acd28-70a5-4bd0-a130-3fffbcac9173,2024-07-24_20-09-23,LineWorld,Q_learning_off_policy,0.99,None,0.1,0.1,5,100000,0,0,1
6d9acd28-70a5-4bd0-a130-3fffbcac9173,2024-07-24_20-09-23,LineWorld,Q_learning_off_policy,0.99,None,0.1,0.1,5,100000,1,0,1
6d9acd28-70a5-4bd0-a130-3fffbcac9173,2024-07-24_20-09-23,LineWorld,Q_learning_off_policy,0.99,None,0.1,0.1,5,100000,2,0,1
6d9acd28-70a5-4bd0-a130-3fffbcac9173,2024-07-24_20-09-23,LineWorld,Q_learning_off_policy,0.99,None,0.1,0.1,5,100000,3,1,1
6d9acd28-70a5-4bd0-a130-3fffbcac9173,2024-07-24_20-09-23,LineWorld,Q_learning_off_policy,0.99,None,0.1,0.1,5,100000,4,0,1
6d9acd28-70a5-4bd0-a130-3fffbcac9173,2024-07-24_20-09-23,LineWorld,sarsa,0.99,None,0.1,0.1,5,100000,0,0,1
6d9acd28-70a5-4bd0-a130-3fffbcac9173,2024-07-24_20-09-23,LineWorld,sarsa,0.99,None,0.1,0.1,5,100000,1,0,1
6d9acd28-70a5-4bd0-a130-3fffbcac9173,2024-07-24_20-09-23,LineWorld,sarsa,0.99,None,0.1,0.1,5,100000,2,0,1
6d9acd28-70a5-4bd0-a130-3fffbcac9173,2024-07-24_20-09-23,LineWorld,sarsa,0.99,None,0.1,0.1,5,100000,3,0,1
6d9acd28-70a5-4bd0-a130-3fffbcac9173,2024-07-24_20-09-23,LineWorld,sarsa,0.99,None,0.1,0.1,5,100000,4,0,1
6d9acd28-70a5-4bd0-a130-3fffbcac9173,2024-07-24_20-09-23,GridWorld,policy_iteration,0.99,0.1,None,None,5,100000,0,0,1
6d9acd28-70a5-4bd0-a130-3fffbcac9173,2024-07-24_20-09-23,GridWorld,policy_iteration,0.99,0.1,None,None,5,100000,1,0,1
6d9acd28-70a5-4bd0-a130-3fffbcac9173,2024-07-24_20-09-23,GridWorld,policy_iteration,0.99,0.1,None,None,5,100000,2,0,1
6d9acd28-70a5-4bd0-a130-3fffbcac9173,2024-07-24_20-09-23,GridWorld,policy_iteration,0.99,0.1,None,None,5,100000,3,0,1
6d9acd28-70a5-4bd0-a130-3fffbcac9173,2024-07-24_20-09-23,GridWorld,policy_iteration,0.99,0.1,None,None,5,100000,4,0,1
6d9acd28-70a5-4bd0-a130-3fffbcac9173,2024-07-24_20-09-23,GridWorld,value_iteration,0.99,0.01,None,None,5,100000,0,0,1
6d9acd28-70a5-4bd0-a130-3fffbcac9173,2024-07-24_20-09-23,GridWorld,value_iteration,0.99,0.01,None,None,5,100000,1,0,1
6d9acd28-70a5-4bd0-a130-3fffbcac9173,2024-07-24_20-09-23,GridWorld,value_iteration,0.99,0.01,None,None,5,100000,2,0,1
6d9acd28-70a5-4bd0-a130-3fffbcac9173,2024-07-24_20-09-23,GridWorld,value_iteration,0.99,0.01,None,None,5,100000,3,0,1
6d9acd28-70a5-4bd0-a130-3fffbcac9173,2024-07-24_20-09-23,GridWorld,value_iteration,0.99,0.01,None,None,5,100000,4,0,1
6d9acd28-70a5-4bd0-a130-3fffbcac9173,2024-07-24_20-09-23,GridWorld,monte_carlo_exploring_starts,0.99,None,None,None,5,100000,0,3,1
6d9acd28-70a5-4bd0-a130-3fffbcac9173,2024-07-24_20-09-23,GridWorld,monte_carlo_exploring_starts,0.99,None,None,None,5,100000,1,3,1
6d9acd28-70a5-4bd0-a130-3fffbcac9173,2024-07-24_20-09-23,GridWorld,monte_carlo_exploring_starts,0.99,None,None,None,5,100000,2,2,1
6d9acd28-70a5-4bd0-a130-3fffbcac9173,2024-07-24_20-09-23,GridWorld,monte_carlo_exploring_starts,0.99,None,None,None,5,100000,3,2,1
6d9acd28-70a5-4bd0-a130-3fffbcac9173,2024-07-24_20-09-23,GridWorld,monte_carlo_exploring_starts,0.99,None,None,None,5,100000,4,2,1
6d9acd28-70a5-4bd0-a130-3fffbcac9173,2024-07-24_20-09-23,GridWorld,monte_carlo_fv_on_policy,0.99,0.1,None,None,5,100000,0,8,1
6d9acd28-70a5-4bd0-a130-3fffbcac9173,2024-07-24_20-09-23,GridWorld,monte_carlo_fv_on_policy,0.99,0.1,None,None,5,100000,1,42,1
6d9acd28-70a5-4bd0-a130-3fffbcac9173,2024-07-24_20-09-23,GridWorld,monte_carlo_fv_on_policy,0.99,0.1,None,None,5,100000,2,9,-1
6d9acd28-70a5-4bd0-a130-3fffbcac9173,2024-07-24_20-09-23,GridWorld,monte_carlo_fv_on_policy,0.99,0.1,None,None,5,100000,3,12,1
6d9acd28-70a5-4bd0-a130-3fffbcac9173,2024-07-24_20-09-23,GridWorld,monte_carlo_fv_on_policy,0.99,0.1,None,None,5,100000,4,12,1
6d9acd28-70a5-4bd0-a130-3fffbcac9173,2024-07-24_20-09-23,GridWorld,monte_carlo_off_policy,0.99,None,0.1,None,5,100000,0,23,1
6d9acd28-70a5-4bd0-a130-3fffbcac9173,2024-07-24_20-09-23,GridWorld,monte_carlo_off_policy,0.99,None,0.1,None,5,100000,1,26,1
6d9acd28-70a5-4bd0-a130-3fffbcac9173,2024-07-24_20-09-23,GridWorld,monte_carlo_off_policy,0.99,None,0.1,None,5,100000,2,50,0
6d9acd28-70a5-4bd0-a130-3fffbcac9173,2024-07-24_20-09-23,GridWorld,monte_carlo_off_policy,0.99,None,0.1,None,5,100000,3,29,0
6d9acd28-70a5-4bd0-a130-3fffbcac9173,2024-07-24_20-09-23,GridWorld,monte_carlo_off_policy,0.99,None,0.1,None,5,100000,4,20,1
6d9acd28-70a5-4bd0-a130-3fffbcac9173,2024-07-24_20-09-23,GridWorld,Q_learning_off_policy,0.99,None,0.1,0.1,5,100000,0,8,1
6d9acd28-70a5-4bd0-a130-3fffbcac9173,2024-07-24_20-09-23,GridWorld,Q_learning_off_policy,0.99,None,0.1,0.1,5,100000,1,8,1
6d9acd28-70a5-4bd0-a130-3fffbcac9173,2024-07-24_20-09-23,GridWorld,Q_learning_off_policy,0.99,None,0.1,0.1,5,100000,2,6,1
6d9acd28-70a5-4bd0-a130-3fffbcac9173,2024-07-24_20-09-23,GridWorld,Q_learning_off_policy,0.99,None,0.1,0.1,5,100000,3,8,1
6d9acd28-70a5-4bd0-a130-3fffbcac9173,2024-07-24_20-09-23,GridWorld,Q_learning_off_policy,0.99,None,0.1,0.1,5,100000,4,4,1
6d9acd28-70a5-4bd0-a130-3fffbcac9173,2024-07-24_20-09-23,GridWorld,sarsa,0.99,None,0.1,0.1,5,100000,0,4,1
6d9acd28-70a5-4bd0-a130-3fffbcac9173,2024-07-24_20-09-23,GridWorld,sarsa,0.99,None,0.1,0.1,5,100000,1,3,1
6d9acd28-70a5-4bd0-a130-3fffbcac9173,2024-07-24_20-09-23,GridWorld,sarsa,0.99,None,0.1,0.1,5,100000,2,5,1
6d9acd28-70a5-4bd0-a130-3fffbcac9173,2024-07-24_20-09-23,GridWorld,sarsa,0.99,None,0.1,0.1,5,100000,3,5,1
6d9acd28-70a5-4bd0-a130-3fffbcac9173,2024-07-24_20-09-23,GridWorld,sarsa,0.99,None,0.1,0.1,5,100000,4,3,1
6d9acd28-70a5-4bd0-a130-3fffbcac9173,2024-07-24_20-09-23,Shifumi,policy_iteration,0.99,0.1,None,None,5,100000,0,0,1
6d9acd28-70a5-4bd0-a130-3fffbcac9173,2024-07-24_20-09-23,Shifumi,policy_iteration,0.99,0.1,None,None,5,100000,1,0,1
6d9acd28-70a5-4bd0-a130-3fffbcac9173,2024-07-24_20-09-23,Shifumi,policy_iteration,0.99,0.1,None,None,5,100000,2,0,1
6d9acd28-70a5-4bd0-a130-3fffbcac9173,2024-07-24_20-09-23,Shifumi,policy_iteration,0.99,0.1,None,None,5,100000,3,0,1
6d9acd28-70a5-4bd0-a130-3fffbcac9173,2024-07-24_20-09-23,Shifumi,policy_iteration,0.99,0.1,None,None,5,100000,4,0,1
6d9acd28-70a5-4bd0-a130-3fffbcac9173,2024-07-24_20-09-23,Shifumi,value_iteration,0.99,0.1,None,None,5,100000,0,0,1
6d9acd28-70a5-4bd0-a130-3fffbcac9173,2024-07-24_20-09-23,Shifumi,value_iteration,0.99,0.1,None,None,5,100000,1,0,1
6d9acd28-70a5-4bd0-a130-3fffbcac9173,2024-07-24_20-09-23,Shifumi,value_iteration,0.99,0.1,None,None,5,100000,2,0,1
6d9acd28-70a5-4bd0-a130-3fffbcac9173,2024-07-24_20-09-23,Shifumi,value_iteration,0.99,0.1,None,None,5,100000,3,0,1
6d9acd28-70a5-4bd0-a130-3fffbcac9173,2024-07-24_20-09-23,Shifumi,value_iteration,0.99,0.1,None,None,5,100000,4,0,1
6d9acd28-70a5-4bd0-a130-3fffbcac9173,2024-07-24_20-09-23,Shifumi,monte_carlo_exploring_starts,0.99,None,None,None,5,100000,0,0,1
6d9acd28-70a5-4bd0-a130-3fffbcac9173,2024-07-24_20-09-23,Shifumi,monte_carlo_exploring_starts,0.99,None,None,None,5,100000,1,0,1
6d9acd28-70a5-4bd0-a130-3fffbcac9173,2024-07-24_20-09-23,Shifumi,monte_carlo_exploring_starts,0.99,None,None,None,5,100000,2,0,1
6d9acd28-70a5-4bd0-a130-3fffbcac9173,2024-07-24_20-09-23,Shifumi,monte_carlo_exploring_starts,0.99,None,None,None,5,100000,3,0,1
6d9acd28-70a5-4bd0-a130-3fffbcac9173,2024-07-24_20-09-23,Shifumi,monte_carlo_exploring_starts,0.99,None,None,None,5,100000,4,0,1
6d9acd28-70a5-4bd0-a130-3fffbcac9173,2024-07-24_20-09-23,Shifumi,monte_carlo_fv_on_policy,0.99,0.1,None,None,5,100000,0,1,-1
6d9acd28-70a5-4bd0-a130-3fffbcac9173,2024-07-24_20-09-23,Shifumi,monte_carlo_fv_on_policy,0.99,0.1,None,None,5,100000,1,1,1
6d9acd28-70a5-4bd0-a130-3fffbcac9173,2024-07-24_20-09-23,Shifumi,monte_carlo_fv_on_policy,0.99,0.1,None,None,5,100000,2,1,1
6d9acd28-70a5-4bd0-a130-3fffbcac9173,2024-07-24_20-09-23,Shifumi,monte_carlo_fv_on_policy,0.99,0.1,None,None,5,100000,3,1,1
6d9acd28-70a5-4bd0-a130-3fffbcac9173,2024-07-24_20-09-23,Shifumi,monte_carlo_fv_on_policy,0.99,0.1,None,None,5,100000,4,1,1
6d9acd28-70a5-4bd0-a130-3fffbcac9173,2024-07-24_20-09-23,Shifumi,monte_carlo_off_policy,0.99,None,0.1,None,5,100000,0,9,1
6d9acd28-70a5-4bd0-a130-3fffbcac9173,2024-07-24_20-09-23,Shifumi,monte_carlo_off_policy,0.99,None,0.1,None,5,100000,1,9,1
6d9acd28-70a5-4bd0-a130-3fffbcac9173,2024-07-24_20-09-23,Shifumi,monte_carlo_off_policy,0.99,None,0.1,None,5,100000,2,9,1
6d9acd28-70a5-4bd0-a130-3fffbcac9173,2024-07-24_20-09-23,Shifumi,monte_carlo_off_policy,0.99,None,0.1,None,5,100000,3,9,1
6d9acd28-70a5-4bd0-a130-3fffbcac9173,2024-07-24_20-09-23,Shifumi,monte_carlo_off_policy,0.99,None,0.1,None,5,100000,4,11,1
6d9acd28-70a5-4bd0-a130-3fffbcac9173,2024-07-24_20-09-23,Shifumi,Q_learning_off_policy,0.99,None,0.1,0.1,5,100000,0,0,1
6d9acd28-70a5-4bd0-a130-3fffbcac9173,2024-07-24_20-09-23,Shifumi,Q_learning_off_policy,0.99,None,0.1,0.1,5,100000,1,0,1
6d9acd28-70a5-4bd0-a130-3fffbcac9173,2024-07-24_20-09-23,Shifumi,Q_learning_off_policy,0.99,None,0.1,0.1,5,100000,2,0,1
6d9acd28-70a5-4bd0-a130-3fffbcac9173,2024-07-24_20-09-23,Shifumi,Q_learning_off_policy,0.99,None,0.1,0.1,5,100000,3,0,1
6d9acd28-70a5-4bd0-a130-3fffbcac9173,2024-07-24_20-09-23,Shifumi,Q_learning_off_policy,0.99,None,0.1,0.1,5,100000,4,0,1
6d9acd28-70a5-4bd0-a130-3fffbcac9173,2024-07-24_20-09-23,Shifumi,sarsa,0.99,None,0.1,0.1,5,100000,0,0,1
6d9acd28-70a5-4bd0-a130-3fffbcac9173,2024-07-24_20-09-23,Shifumi,sarsa,0.99,None,0.1,0.1,5,100000,1,0,1
6d9acd28-70a5-4bd0-a130-3fffbcac9173,2024-07-24_20-09-23,Shifumi,sarsa,0.99,None,0.1,0.1,5,100000,2,0,1
6d9acd28-70a5-4bd0-a130-3fffbcac9173,2024-07-24_20-09-23,Shifumi,sarsa,0.99,None,0.1,0.1,5,100000,3,0,1
6d9acd28-70a5-4bd0-a130-3fffbcac9173,2024-07-24_20-09-23,Shifumi,sarsa,0.99,None,0.1,0.1,5,100000,4,0,1
6d9acd28-70a5-4bd0-a130-3fffbcac9173,2024-07-24_20-09-23,MontyHall,policy_iteration,0.99,0.1,None,None,5,100000,0,0,1
6d9acd28-70a5-4bd0-a130-3fffbcac9173,2024-07-24_20-09-23,MontyHall,policy_iteration,0.99,0.1,None,None,5,100000,1,0,1
6d9acd28-70a5-4bd0-a130-3fffbcac9173,2024-07-24_20-09-23,MontyHall,policy_iteration,0.99,0.1,None,None,5,100000,2,0,0
6d9acd28-70a5-4bd0-a130-3fffbcac9173,2024-07-24_20-09-23,MontyHall,policy_iteration,0.99,0.1,None,None,5,100000,3,0,0
6d9acd28-70a5-4bd0-a130-3fffbcac9173,2024-07-24_20-09-23,MontyHall,policy_iteration,0.99,0.1,None,None,5,100000,4,0,0
6d9acd28-70a5-4bd0-a130-3fffbcac9173,2024-07-24_20-09-23,MontyHall,value_iteration,0.99,0.1,None,None,5,100000,0,0,0
6d9acd28-70a5-4bd0-a130-3fffbcac9173,2024-07-24_20-09-23,MontyHall,value_iteration,0.99,0.1,None,None,5,100000,1,0,1
6d9acd28-70a5-4bd0-a130-3fffbcac9173,2024-07-24_20-09-23,MontyHall,value_iteration,0.99,0.1,None,None,5,100000,2,0,0
6d9acd28-70a5-4bd0-a130-3fffbcac9173,2024-07-24_20-09-23,MontyHall,value_iteration,0.99,0.1,None,None,5,100000,3,0,1
6d9acd28-70a5-4bd0-a130-3fffbcac9173,2024-07-24_20-09-23,MontyHall,value_iteration,0.99,0.1,None,None,5,100000,4,0,0
6d9acd28-70a5-4bd0-a130-3fffbcac9173,2024-07-24_20-09-23,MontyHall,monte_carlo_exploring_starts,0.99,None,None,None,5,100000,0,0,1
6d9acd28-70a5-4bd0-a130-3fffbcac9173,2024-07-24_20-09-23,MontyHall,monte_carlo_exploring_starts,0.99,None,None,None,5,100000,1,0,1
6d9acd28-70a5-4bd0-a130-3fffbcac9173,2024-07-24_20-09-23,MontyHall,monte_carlo_exploring_starts,0.99,None,None,None,5,100000,2,0,1
6d9acd28-70a5-4bd0-a130-3fffbcac9173,2024-07-24_20-09-23,MontyHall,monte_carlo_exploring_starts,0.99,None,None,None,5,100000,3,0,1
6d9acd28-70a5-4bd0-a130-3fffbcac9173,2024-07-24_20-09-23,MontyHall,monte_carlo_exploring_starts,0.99,None,None,None,5,100000,4,0,1
6d9acd28-70a5-4bd0-a130-3fffbcac9173,2024-07-24_20-09-23,MontyHall,monte_carlo_fv_on_policy,0.99,0.1,None,None,5,100000,0,1,0
6d9acd28-70a5-4bd0-a130-3fffbcac9173,2024-07-24_20-09-23,MontyHall,monte_carlo_fv_on_policy,0.99,0.1,None,None,5,100000,1,1,0
6d9acd28-70a5-4bd0-a130-3fffbcac9173,2024-07-24_20-09-23,MontyHall,monte_carlo_fv_on_policy,0.99,0.1,None,None,5,100000,2,1,0
6d9acd28-70a5-4bd0-a130-3fffbcac9173,2024-07-24_20-09-23,MontyHall,monte_carlo_fv_on_policy,0.99,0.1,None,None,5,100000,3,1,1
6d9acd28-70a5-4bd0-a130-3fffbcac9173,2024-07-24_20-09-23,MontyHall,monte_carlo_fv_on_policy,0.99,0.1,None,None,5,100000,4,1,0
6d9acd28-70a5-4bd0-a130-3fffbcac9173,2024-07-24_20-09-23,MontyHall,monte_carlo_off_policy,0.99,None,0.1,None,5,100000,0,1,1
6d9acd28-70a5-4bd0-a130-3fffbcac9173,2024-07-24_20-09-23,MontyHall,monte_carlo_off_policy,0.99,None,0.1,None,5,100000,1,1,1
6d9acd28-70a5-4bd0-a130-3fffbcac9173,2024-07-24_20-09-23,MontyHall,monte_carlo_off_policy,0.99,None,0.1,None,5,100000,2,1,0
6d9acd28-70a5-4bd0-a130-3fffbcac9173,2024-07-24_20-09-23,MontyHall,monte_carlo_off_policy,0.99,None,0.1,None,5,100000,3,1,1
6d9acd28-70a5-4bd0-a130-3fffbcac9173,2024-07-24_20-09-23,MontyHall,monte_carlo_off_policy,0.99,None,0.1,None,5,100000,4,2,1
6d9acd28-70a5-4bd0-a130-3fffbcac9173,2024-07-24_20-09-23,MontyHall,Q_learning_off_policy,0.99,None,0.1,0.1,5,100000,0,0,1
6d9acd28-70a5-4bd0-a130-3fffbcac9173,2024-07-24_20-09-23,MontyHall,Q_learning_off_policy,0.99,None,0.1,0.1,5,100000,1,0,1
6d9acd28-70a5-4bd0-a130-3fffbcac9173,2024-07-24_20-09-23,MontyHall,Q_learning_off_policy,0.99,None,0.1,0.1,5,100000,2,0,1
6d9acd28-70a5-4bd0-a130-3fffbcac9173,2024-07-24_20-09-23,MontyHall,Q_learning_off_policy,0.99,None,0.1,0.1,5,100000,3,0,1
6d9acd28-70a5-4bd0-a130-3fffbcac9173,2024-07-24_20-09-23,MontyHall,Q_learning_off_policy,0.99,None,0.1,0.1,5,100000,4,0,0
6d9acd28-70a5-4bd0-a130-3fffbcac9173,2024-07-24_20-09-23,MontyHall,sarsa,0.99,None,0.1,0.1,5,100000,0,0,0
6d9acd28-70a5-4bd0-a130-3fffbcac9173,2024-07-24_20-09-23,MontyHall,sarsa,0.99,None,0.1,0.1,5,100000,1,0,1
6d9acd28-70a5-4bd0-a130-3fffbcac9173,2024-07-24_20-09-23,MontyHall,sarsa,0.99,None,0.1,0.1,5,100000,2,0,1
6d9acd28-70a5-4bd0-a130-3fffbcac9173,2024-07-24_20-09-23,MontyHall,sarsa,0.99,None,0.1,0.1,5,100000,3,0,1
6d9acd28-70a5-4bd0-a130-3fffbcac9173,2024-07-24_20-09-23,MontyHall,sarsa,0.99,None,0.1,0.1,5,100000,4,0,1
6d9acd28-70a5-4bd0-a130-3fffbcac9173,2024-07-24_20-09-23,SecretEnv0,monte_carlo_exploring_starts,0.99,None,None,None,5,100000,0,94,0
6d9acd28-70a5-4bd0-a130-3fffbcac9173,2024-07-24_20-09-23,SecretEnv0,monte_carlo_exploring_starts,0.99,None,None,None,5,100000,1,94,0
6d9acd28-70a5-4bd0-a130-3fffbcac9173,2024-07-24_20-09-23,SecretEnv0,monte_carlo_exploring_starts,0.99,None,None,None,5,100000,2,92,3
6d9acd28-70a5-4bd0-a130-3fffbcac9173,2024-07-24_20-09-23,SecretEnv0,monte_carlo_exploring_starts,0.99,None,None,None,5,100000,3,92,4
6d9acd28-70a5-4bd0-a130-3fffbcac9173,2024-07-24_20-09-23,SecretEnv0,monte_carlo_exploring_starts,0.99,None,None,None,5,100000,4,105,2
6d9acd28-70a5-4bd0-a130-3fffbcac9173,2024-07-24_20-09-23,SecretEnv0,monte_carlo_fv_on_policy,0.99,0.1,None,None,5,100000,0,246,8
6d9acd28-70a5-4bd0-a130-3fffbcac9173,2024-07-24_20-09-23,SecretEnv0,monte_carlo_fv_on_policy,0.99,0.1,None,None,5,100000,1,239,2
6d9acd28-70a5-4bd0-a130-3fffbcac9173,2024-07-24_20-09-23,SecretEnv0,monte_carlo_fv_on_policy,0.99,0.1,None,None,5,100000,2,253,5
6d9acd28-70a5-4bd0-a130-3fffbcac9173,2024-07-24_20-09-23,SecretEnv0,monte_carlo_fv_on_policy,0.99,0.1,None,None,5,100000,3,265,7
6d9acd28-70a5-4bd0-a130-3fffbcac9173,2024-07-24_20-09-23,SecretEnv0,monte_carlo_fv_on_policy,0.99,0.1,None,None,5,100000,4,235,7
6d9acd28-70a5-4bd0-a130-3fffbcac9173,2024-07-24_20-09-23,SecretEnv0,monte_carlo_off_policy,0.99,None,0.1,None,5,100000,0,224,7
6d9acd28-70a5-4bd0-a130-3fffbcac9173,2024-07-24_20-09-23,SecretEnv0,monte_carlo_off_policy,0.99,None,0.1,None,5,100000,1,224,5
6d9acd28-70a5-4bd0-a130-3fffbcac9173,2024-07-24_20-09-23,SecretEnv0,monte_carlo_off_policy,0.99,None,0.1,None,5,100000,2,224,5
6d9acd28-70a5-4bd0-a130-3fffbcac9173,2024-07-24_20-09-23,SecretEnv0,monte_carlo_off_policy,0.99,None,0.1,None,5,100000,3,226,7
6d9acd28-70a5-4bd0-a130-3fffbcac9173,2024-07-24_20-09-23,SecretEnv0,monte_carlo_off_policy,0.99,None,0.1,None,5,100000,4,226,8
6d9acd28-70a5-4bd0-a130-3fffbcac9173,2024-07-24_20-09-23,SecretEnv0,Q_learning_off_policy,0.99,None,0.1,0.1,5,100000,0,253,7
6d9acd28-70a5-4bd0-a130-3fffbcac9173,2024-07-24_20-09-23,SecretEnv0,Q_learning_off_policy,0.99,None,0.1,0.1,5,100000,1,247,7
6d9acd28-70a5-4bd0-a130-3fffbcac9173,2024-07-24_20-09-23,SecretEnv0,Q_learning_off_policy,0.99,None,0.1,0.1,5,100000,2,257,5
6d9acd28-70a5-4bd0-a130-3fffbcac9173,2024-07-24_20-09-23,SecretEnv0,Q_learning_off_policy,0.99,None,0.1,0.1,5,100000,3,255,5
6d9acd28-70a5-4bd0-a130-3fffbcac9173,2024-07-24_20-09-23,SecretEnv0,Q_learning_off_policy,0.99,None,0.1,0.1,5,100000,4,256,5
6d9acd28-70a5-4bd0-a130-3fffbcac9173,2024-07-24_20-09-23,SecretEnv0,sarsa,0.99,None,0.1,0.1,5,100000,0,233,7
6d9acd28-70a5-4bd0-a130-3fffbcac9173,2024-07-24_20-09-23,SecretEnv0,sarsa,0.99,None,0.1,0.1,5,100000,1,219,6
6d9acd28-70a5-4bd0-a130-3fffbcac9173,2024-07-24_20-09-23,SecretEnv0,sarsa,0.99,None,0.1,0.1,5,100000,2,220,6
6d9acd28-70a5-4bd0-a130-3fffbcac9173,2024-07-24_20-09-23,SecretEnv0,sarsa,0.99,None,0.1,0.1,5,100000,3,227,7
6d9acd28-70a5-4bd0-a130-3fffbcac9173,2024-07-24_20-09-23,SecretEnv0,sarsa,0.99,None,0.1,0.1,5,100000,4,216,5
6d9acd28-70a5-4bd0-a130-3fffbcac9173,2024-07-24_20-09-23,SecretEnv1,monte_carlo_exploring_starts,0.99,None,None,None,5,100000,0,745,7
6d9acd28-70a5-4bd0-a130-3fffbcac9173,2024-07-24_20-09-23,SecretEnv1,monte_carlo_exploring_starts,0.99,None,None,None,5,100000,1,744,0
6d9acd28-70a5-4bd0-a130-3fffbcac9173,2024-07-24_20-09-23,SecretEnv1,monte_carlo_exploring_starts,0.99,None,None,None,5,100000,2,746,2
6d9acd28-70a5-4bd0-a130-3fffbcac9173,2024-07-24_20-09-23,SecretEnv1,monte_carlo_exploring_starts,0.99,None,None,None,5,100000,3,704,3
6d9acd28-70a5-4bd0-a130-3fffbcac9173,2024-07-24_20-09-23,SecretEnv1,monte_carlo_exploring_starts,0.99,None,None,None,5,100000,4,733,7
6d9acd28-70a5-4bd0-a130-3fffbcac9173,2024-07-24_20-09-23,SecretEnv1,monte_carlo_fv_on_policy,0.99,0.1,None,None,5,100000,0,2136,11
6d9acd28-70a5-4bd0-a130-3fffbcac9173,2024-07-24_20-09-23,SecretEnv1,monte_carlo_fv_on_policy,0.99,0.1,None,None,5,100000,1,2119,11
6d9acd28-70a5-4bd0-a130-3fffbcac9173,2024-07-24_20-09-23,SecretEnv1,monte_carlo_fv_on_policy,0.99,0.1,None,None,5,100000,2,2320,11
6d9acd28-70a5-4bd0-a130-3fffbcac9173,2024-07-24_20-09-23,SecretEnv1,monte_carlo_fv_on_policy,0.99,0.1,None,None,5,100000,3,2077,9
6d9acd28-70a5-4bd0-a130-3fffbcac9173,2024-07-24_20-09-23,SecretEnv1,monte_carlo_fv_on_policy,0.99,0.1,None,None,5,100000,4,2055,2
6d9acd28-70a5-4bd0-a130-3fffbcac9173,2024-07-24_20-09-23,SecretEnv1,monte_carlo_off_policy,0.99,None,0.1,None,5,100000,0,994,12
6d9acd28-70a5-4bd0-a130-3fffbcac9173,2024-07-24_20-09-23,SecretEnv1,monte_carlo_off_policy,0.99,None,0.1,None,5,100000,1,987,14
6d9acd28-70a5-4bd0-a130-3fffbcac9173,2024-07-24_20-09-23,SecretEnv1,monte_carlo_off_policy,0.99,None,0.1,None,5,100000,2,946,11
6d9acd28-70a5-4bd0-a130-3fffbcac9173,2024-07-24_20-09-23,SecretEnv1,monte_carlo_off_policy,0.99,None,0.1,None,5,100000,3,975,13
6d9acd28-70a5-4bd0-a130-3fffbcac9173,2024-07-24_20-09-23,SecretEnv1,monte_carlo_off_policy,0.99,None,0.1,None,5,100000,4,955,11
6d9acd28-70a5-4bd0-a130-3fffbcac9173,2024-07-24_20-09-23,SecretEnv1,Q_learning_off_policy,0.99,None,0.1,0.1,5,100000,0,1063,15
6d9acd28-70a5-4bd0-a130-3fffbcac9173,2024-07-24_20-09-23,SecretEnv1,Q_learning_off_policy,0.99,None,0.1,0.1,5,100000,1,1067,12
6d9acd28-70a5-4bd0-a130-3fffbcac9173,2024-07-24_20-09-23,SecretEnv1,Q_learning_off_policy,0.99,None,0.1,0.1,5,100000,2,1049,12
6d9acd28-70a5-4bd0-a130-3fffbcac9173,2024-07-24_20-09-23,SecretEnv1,Q_learning_off_policy,0.99,None,0.1,0.1,5,100000,3,1068,15
6d9acd28-70a5-4bd0-a130-3fffbcac9173,2024-07-24_20-09-23,SecretEnv1,Q_learning_off_policy,0.99,None,0.1,0.1,5,100000,4,1066,13
6d9acd28-70a5-4bd0-a130-3fffbcac9173,2024-07-24_20-09-23,SecretEnv1,sarsa,0.99,None,0.1,0.1,5,100000,0,934,16
6d9acd28-70a5-4bd0-a130-3fffbcac9173,2024-07-24_20-09-23,SecretEnv1,sarsa,0.99,None,0.1,0.1,5,100000,1,921,8
6d9acd28-70a5-4bd0-a130-3fffbcac9173,2024-07-24_20-09-23,SecretEnv1,sarsa,0.99,None,0.1,0.1,5,100000,2,917,15
6d9acd28-70a5-4bd0-a130-3fffbcac9173,2024-07-24_20-09-23,SecretEnv1,sarsa,0.99,None,0.1,0.1,5,100000,3,940,15
6d9acd28-70a5-4bd0-a130-3fffbcac9173,2024-07-24_20-09-23,SecretEnv1,sarsa,0.99,None,0.1,0.1,5,100000,4,944,16
6d9acd28-70a5-4bd0-a130-3fffbcac9173,2024-07-24_20-09-23,SecretEnv2,monte_carlo_exploring_starts,0.99,None,None,None,5,100000,0,1851,-34
6d9acd28-70a5-4bd0-a130-3fffbcac9173,2024-07-24_20-09-23,SecretEnv2,monte_carlo_exploring_starts,0.99,None,None,None,5,100000,1,1820,-35
6d9acd28-70a5-4bd0-a130-3fffbcac9173,2024-07-24_20-09-23,SecretEnv2,monte_carlo_exploring_starts,0.99,None,None,None,5,100000,2,1812,-31
6d9acd28-70a5-4bd0-a130-3fffbcac9173,2024-07-24_20-09-23,SecretEnv2,monte_carlo_exploring_starts,0.99,None,None,None,5,100000,3,1834,-35
6d9acd28-70a5-4bd0-a130-3fffbcac9173,2024-07-24_20-09-23,SecretEnv2,monte_carlo_exploring_starts,0.99,None,None,None,5,100000,4,1845,-35
6d9acd28-70a5-4bd0-a130-3fffbcac9173,2024-07-24_20-09-23,SecretEnv2,monte_carlo_fv_on_policy,0.99,0.1,None,None,5,100000,0,2051,1
6d9acd28-70a5-4bd0-a130-3fffbcac9173,2024-07-24_20-09-23,SecretEnv2,monte_carlo_fv_on_policy,0.99,0.1,None,None,5,100000,1,2094,-18
6d9acd28-70a5-4bd0-a130-3fffbcac9173,2024-07-24_20-09-23,SecretEnv2,monte_carlo_fv_on_policy,0.99,0.1,None,None,5,100000,2,2071,-29
6d9acd28-70a5-4bd0-a130-3fffbcac9173,2024-07-24_20-09-23,SecretEnv2,monte_carlo_fv_on_policy,0.99,0.1,None,None,5,100000,3,2081,-5
6d9acd28-70a5-4bd0-a130-3fffbcac9173,2024-07-24_20-09-23,SecretEnv2,monte_carlo_fv_on_policy,0.99,0.1,None,None,5,100000,4,2159,-27
6d9acd28-70a5-4bd0-a130-3fffbcac9173,2024-07-24_20-09-23,SecretEnv2,monte_carlo_off_policy,0.99,None,0.1,None,5,100000,0,1057,-26
6d9acd28-70a5-4bd0-a130-3fffbcac9173,2024-07-24_20-09-23,SecretEnv2,monte_carlo_off_policy,0.99,None,0.1,None,5,100000,1,1031,-28
6d9acd28-70a5-4bd0-a130-3fffbcac9173,2024-07-24_20-09-23,SecretEnv2,monte_carlo_off_policy,0.99,None,0.1,None,5,100000,2,1012,-3
6d9acd28-70a5-4bd0-a130-3fffbcac9173,2024-07-24_20-09-23,SecretEnv2,monte_carlo_off_policy,0.99,None,0.1,None,5,100000,3,993,-29
6d9acd28-70a5-4bd0-a130-3fffbcac9173,2024-07-24_20-09-23,SecretEnv2,monte_carlo_off_policy,0.99,None,0.1,None,5,100000,4,1014,-26
6d9acd28-70a5-4bd0-a130-3fffbcac9173,2024-07-24_20-09-23,SecretEnv2,Q_learning_off_policy,0.99,None,0.1,0.1,5,100000,0,1106,-48
6d9acd28-70a5-4bd0-a130-3fffbcac9173,2024-07-24_20-09-23,SecretEnv2,Q_learning_off_policy,0.99,None,0.1,0.1,5,100000,1,1108,-17
6d9acd28-70a5-4bd0-a130-3fffbcac9173,2024-07-24_20-09-23,SecretEnv2,Q_learning_off_policy,0.99,None,0.1,0.1,5,100000,2,1128,-47
6d9acd28-70a5-4bd0-a130-3fffbcac9173,2024-07-24_20-09-23,SecretEnv2,Q_learning_off_policy,0.99,None,0.1,0.1,5,100000,3,1089,-26
6d9acd28-70a5-4bd0-a130-3fffbcac9173,2024-07-24_20-09-23,SecretEnv2,Q_learning_off_policy,0.99,None,0.1,0.1,5,100000,4,1104,-12
6d9acd28-70a5-4bd0-a130-3fffbcac9173,2024-07-24_20-09-23,SecretEnv2,sarsa,0.99,None,0.1,0.1,5,100000,0,991,-41
6d9acd28-70a5-4bd0-a130-3fffbcac9173,2024-07-24_20-09-23,SecretEnv2,sarsa,0.99,None,0.1,0.1,5,100000,1,972,-22
6d9acd28-70a5-4bd0-a130-3fffbcac9173,2024-07-24_20-09-23,SecretEnv2,sarsa,0.99,None,0.1,0.1,5,100000,2,977,-23
6d9acd28-70a5-4bd0-a130-3fffbcac9173,2024-07-24_20-09-23,SecretEnv2,sarsa,0.99,None,0.1,0.1,5,100000,3,960,-42
6d9acd28-70a5-4bd0-a130-3fffbcac9173,2024-07-24_20-09-23,SecretEnv2,sarsa,0.99,None,0.1,0.1,5,100000,4,965,-13
6d9acd28-70a5-4bd0-a130-3fffbcac9173,2024-07-24_20-09-23,SecretEnv3,monte_carlo_exploring_starts,0.99,None,None,None,5,100000,0,714,-3
6d9acd28-70a5-4bd0-a130-3fffbcac9173,2024-07-24_20-09-23,SecretEnv3,monte_carlo_exploring_starts,0.99,None,None,None,5,100000,1,702,-6
6d9acd28-70a5-4bd0-a130-3fffbcac9173,2024-07-24_20-09-23,SecretEnv3,monte_carlo_exploring_starts,0.99,None,None,None,5,100000,2,730,1
6d9acd28-70a5-4bd0-a130-3fffbcac9173,2024-07-24_20-09-23,SecretEnv3,monte_carlo_exploring_starts,0.99,None,None,None,5,100000,3,679,-2
6d9acd28-70a5-4bd0-a130-3fffbcac9173,2024-07-24_20-09-23,SecretEnv3,monte_carlo_exploring_starts,0.99,None,None,None,5,100000,4,698,2
6d9acd28-70a5-4bd0-a130-3fffbcac9173,2024-07-24_20-09-23,SecretEnv3,monte_carlo_fv_on_policy,0.99,0.1,None,None,5,100000,0,2201,0
6d9acd28-70a5-4bd0-a130-3fffbcac9173,2024-07-24_20-09-23,SecretEnv3,monte_carlo_fv_on_policy,0.99,0.1,None,None,5,100000,1,2161,0
6d9acd28-70a5-4bd0-a130-3fffbcac9173,2024-07-24_20-09-23,SecretEnv3,monte_carlo_fv_on_policy,0.99,0.1,None,None,5,100000,2,2168,0
6d9acd28-70a5-4bd0-a130-3fffbcac9173,2024-07-24_20-09-23,SecretEnv3,monte_carlo_fv_on_policy,0.99,0.1,None,None,5,100000,3,2173,1
6d9acd28-70a5-4bd0-a130-3fffbcac9173,2024-07-24_20-09-23,SecretEnv3,monte_carlo_fv_on_policy,0.99,0.1,None,None,5,100000,4,2442,3
6d9acd28-70a5-4bd0-a130-3fffbcac9173,2024-07-24_20-09-23,SecretEnv3,monte_carlo_off_policy,0.99,None,0.1,None,5,100000,0,1069,-11
6d9acd28-70a5-4bd0-a130-3fffbcac9173,2024-07-24_20-09-23,SecretEnv3,monte_carlo_off_policy,0.99,None,0.1,None,5,100000,1,999,-1
6d9acd28-70a5-4bd0-a130-3fffbcac9173,2024-07-24_20-09-23,SecretEnv3,monte_carlo_off_policy,0.99,None,0.1,None,5,100000,2,1055,-1
6d9acd28-70a5-4bd0-a130-3fffbcac9173,2024-07-24_20-09-23,SecretEnv3,monte_carlo_off_policy,0.99,None,0.1,None,5,100000,3,1143,-1
6d9acd28-70a5-4bd0-a130-3fffbcac9173,2024-07-24_20-09-23,SecretEnv3,monte_carlo_off_policy,0.99,None,0.1,None,5,100000,4,1017,0
6d9acd28-70a5-4bd0-a130-3fffbcac9173,2024-07-24_20-09-23,SecretEnv3,Q_learning_off_policy,0.99,None,0.1,0.1,5,100000,0,1092,-3
6d9acd28-70a5-4bd0-a130-3fffbcac9173,2024-07-24_20-09-23,SecretEnv3,Q_learning_off_policy,0.99,None,0.1,0.1,5,100000,1,1097,0
6d9acd28-70a5-4bd0-a130-3fffbcac9173,2024-07-24_20-09-23,SecretEnv3,Q_learning_off_policy,0.99,None,0.1,0.1,5,100000,2,1068,0
6d9acd28-70a5-4bd0-a130-3fffbcac9173,2024-07-24_20-09-23,SecretEnv3,Q_learning_off_policy,0.99,None,0.1,0.1,5,100000,3,1094,-1
6d9acd28-70a5-4bd0-a130-3fffbcac9173,2024-07-24_20-09-23,SecretEnv3,Q_learning_off_policy,0.99,None,0.1,0.1,5,100000,4,1178,-1
6d9acd28-70a5-4bd0-a130-3fffbcac9173,2024-07-24_20-09-23,SecretEnv3,sarsa,0.99,None,0.1,0.1,5,100000,0,959,-3
6d9acd28-70a5-4bd0-a130-3fffbcac9173,2024-07-24_20-09-23,SecretEnv3,sarsa,0.99,None,0.1,0.1,5,100000,1,985,2
6d9acd28-70a5-4bd0-a130-3fffbcac9173,2024-07-24_20-09-23,SecretEnv3,sarsa,0.99,None,0.1,0.1,5,100000,2,1026,0
6d9acd28-70a5-4bd0-a130-3fffbcac9173,2024-07-24_20-09-23,SecretEnv3,sarsa,0.99,None,0.1,0.1,5,100000,3,960,0
6d9acd28-70a5-4bd0-a130-3fffbcac9173,2024-07-24_20-09-23,SecretEnv3,sarsa,0.99,None,0.1,0.1,5,100000,4,951,0
